item_code,item_name,category_code,uom_code,min_stock,max_stock,remark
1709000002,"BALL LINER, KENKO-SIZE 0,5-BLUE",STATIONERIES,EACH,160,2000,
1709000004,"BALL LINER, KENKO-SIZE 0,5-BLACK",STATIONERIES,EACH,160,2000,
1709000006,"BALL LINER, KENKO-SIZE 0,5-RED",STATIONERIES,EACH,40,500,
1709000008,"BALL POINT, V1-SIZE 0.7-BLUE-SNOWMAN",STATIONERIES,EACH,200,2400,
1709000010,"BALL POINT, V1-SIZE 0.7-BLACK-SNOWMAN",STATIONERIES,EACH,250,3000,
1709000015,"PENCIL, HB-STAEDLER-100 HB",STATIONERIES,EACH,50,600,
1709000019,"PENCIL, LEAD-PILOT-2B",STATIONERIES,EACH,1,10,
1709000020,"PENCIL, LEAD-0,5-B",STATIONERIES,EACH,1,10,
1709000022,"PENCIL, LEAD-PILOT-2B",STATIONERIES,EACH,1,10,
1709000029,"ERASER, WHITEBOARD-WE 1205-JOYKO",STATIONERIES,EACH,15,180,
1709000031,"PERMANENT MARKER, G 12-SNOWMAN-BLUE",STATIONERIES,EACH,50,600,
1709000034,"PERMANENT MARKER, G 12-SNOWMAN-BLACK",STATIONERIES,EACH,100,1200,
1709000035,"PERMANENT MARKER, G 12-SNOWMAN-RED",STATIONERIES,EACH,40,480,
1709000036,"PAINT MARKER, WP 12-SNOWMAN-WHITE",STATIONERIES,EACH,12,144,
1709000037,"WHITEBOARD MARKER, BG-SNOWMAN-BLUE",STATIONERIES,EACH,80,960,
1709000039,"WHITEBOARD MARKER, BG-SNOWMAN-BLACK",STATIONERIES,EACH,120,1440,
1709000040,"WHITEBOARD MARKER, BG-SNOWMAN-RED",STATIONERIES,EACH,15,180,
1709000043,"WHITEBOARD MARKER, BG-SNOWMAN-GREEN",STATIONERIES,EACH,20,240,
1709000044,"STABILLO , HL-100-KENKO HIGHLIGHTER-GREEN",STATIONERIES,EACH,15,180,
1709000046,"STABILLO , HL-100-KENKO HIGHLIGHTER-YELLOW",STATIONERIES,EACH,30,360,
1709000048,"STABILLO , HL-100-KENKO HIGHLIGHTER-RED",STATIONERIES,EACH,15,180,
1709000050,"STABILLO , HL-100-KENKO HIGHLIGHTER-ORANGE",STATIONERIES,EACH,10,120,
1709000052,"STABILLO , HL-100-KENKO HIGHLIGHTER-BLUE",STATIONERIES,EACH,10,120,
1709000053,"CHALK WHITE, CROWN CAMEL-WHITE",STATIONERIES,EACH,400,4800,
1709000054,"CHALK COLOUR, CROWN CAMEL-COLOUR",STATIONERIES,EACH,1,10,
1709000056,"WRITING BOOK, FOLIO-STANDARD-80 SHEET",STATIONERIES,EACH,36,432,
1709000058,"WRITING BOOK, WRITING-201-STANDARD-100SHEET",STATIONERIES,EACH,45,540,
1709000059,"PAPER, A4-210X297MM-70GSM-WHITE",STATIONERIES,REAM,200,2400,
1709000060,"PAPER, F4-210X330MM-70GSM-WHITE",STATIONERIES,REAM,10,120,
1709000061,"PAPER, B4-ANY MAKER-250 X 353 MM",STATIONERIES,REAM,10,120,
1709000062,"PAPER, A3-297X420MM-70GSM-WHITE",STATIONERIES,REAM,10,120,
1709000063,"PAPER, CONTINUOUS PAPER, CONT. FORM-9.1/2X11-1PLY-BLANK",STATIONERIES,BOX,3,36,
1709000064,"PAPER, CONTINUOUS PAPER, CONT. FORM-9.1/2X11-2PLY-WT/WT",STATIONERIES,BOX,3,36,
1709000065,"PAPER, CONTINUOUS PAPER, CONT. FORM-G3- 9.3/10X12-1PLY-WT",STATIONERIES,BOX,3,36,
1709000068,"PAPER, CONTINUOUS PAPER, CONT. FORM-8.9X11-2PRS-1PLY-WT",STATIONERIES,BOX,3,36,
1709000069,"PAPER, CONTINUOUS PAPER, CONT. FORM-9.1/2X11-3PRS-1PLY-WT",STATIONERIES,BOX,3,36,
1709000070,"PAPER, CONTINUOUS PAPER, CONT. FORM-9.1/2X11-NCR-4PLY-WPYG",STATIONERIES,BOX,3,36,
1709000071,"PAPER, CONTINUOUS PAPER, CONT. FORM-14.7/8X11-1PLY-BLANK",STATIONERIES,BOX,3,36,
1709000072,"PAPER, CONTINUOUS PAPER, CONT. FORM-9.1/2X11-2PLY-WT/GR",STATIONERIES,BOX,3,36,
1709000074,"PAPER CLIPS, NO.303-ATOM",STATIONERIES,EACH,80,960,
1709000076,"BINDER CLIPS, NO.107-KENKO",STATIONERIES,EACH,50,600,
1709000078,"BINDER CLIPS, NO.111-KENKO",STATIONERIES,EACH,40,480,
1709000080,"BINDER CLIPS, NO.155-KENKO",STATIONERIES,EACH,50,600,
1709000082,"BINDER CLIPS, NO.260-KENKO",STATIONERIES,EACH,20,240,
1709000083,"STAPLER, HD-10-MAX",STATIONERIES,EACH,15,180,
1709000085,"STAPLER, HD-50-MAX",STATIONERIES,EACH,5,60,
1709000088,"STAPLES, NO.10-1M-MAX-LEG LENGTH 5 MM",STATIONERIES,EACH,100,1200,
1709000089,"STAPLES, NO.3-1M-MAX-LEG LENGTH 6 MM",STATIONERIES,EACH,10,120,
1709000091,"STAPLES, HD-1210 FA-H/ML-MAX",STATIONERIES,EACH,1,10,
1709000092,"PAPER FASTENERS, HOMBO-PLASTIC 8,5 CM",STATIONERIES,EACH,1,10,
1709000093,"MAGNET, WHITEBOARD-DIAMETER 40MM-COMBO",STATIONERIES,EACH,10,120,
1709000094,"PROFESSIONAL EMBOSSER, 1610-DYMO-BLACK",STATIONERIES,EACH,1,10,
1709000095,"FILE FOLDER FOLIO, SIZE 35 X 23 CM-ANY MAKER",STATIONERIES,EACH,50,600,
1709000096,"BINDING PLASTIC, 11 MM-ANY MAKER",STATIONERIES,EACH,1,10,
1709000097,"BINDING PLASTIC, 12.7 MM-ANY MAKER",STATIONERIES,EACH,1,10,
1709000098,"FILE MICA SPRING FILE, 312-RED LEAF",STATIONERIES,EACH,1,10,
1709000099,"STAPLE REMOVER, SR45T-KANGAROO",STATIONERIES,EACH,1,10,
1709000100,"CUTTER, HANDY-A300-KENKO",STATIONERIES,EACH,30,360,
1709000102,"SPARE BLADE, A100-KENKO",STATIONERIES,EACH,20,240,
1709000104,"LETTER FILE,  A4-401-PAKAR",STATIONERIES,EACH,40,480,
1709000105,"LETTER FILE, FOLIO-401-PAKAR",STATIONERIES,EACH,30,360,
1709000108,"LETTER FILE, FOLIO-403-PAKAR",STATIONERIES,EACH,5,60,
1709000110,"FILE MARUZEN, LUCKY STAR",STATIONERIES,EACH,1,10,
1709000114,"FILE FOLDER, 5100-FORTE-BLUE",STATIONERIES,EACH,50,600,
1709000119,"CLIP FILE, 315-RED LEAF",STATIONERIES,EACH,1,10,
1709000120,"DOCUMENT KEEPER, PLASTIC",STATIONERIES,EACH,1,10,
1709000121,"FILE LUCKY FOLIO, IDM000027500-LUCKY",STATIONERIES,EACH,15,180,
1709000123,"KWITANSI, STANDARD-BUKU KWITANSI",STATIONERIES,EACH,1,10,
1709000128,"CLIPBOARD, 4205-FOLIO-BANTEX",STATIONERIES,EACH,45,540,
1709000132,"GLUE BIG, 113-POVINAL-VOLUME 500 ML",STATIONERIES,EACH,5,60,
1709000133,"GLUE SMALL, 112-POVINAL-VOLUME 75 ML",STATIONERIES,EACH,15,180,
1709000135,"CELLO TAPE 72 YARD, 1 INCHI-DAIMARU",STATIONERIES,EACH,50,600,
1709000141,"SELF ADHESIVE LABELS, NO.107-PANDA",STATIONERIES,EACH,5,60,
1709000145,"REINFORCEMENT RING 500-RENER",STATIONERIES,EACH,1,10,
1709000148,"CORRECTION PEN, KE 01-KENKO",STATIONERIES,EACH,65,800,
1709000154,"INK STAMP PAD, 50CC-ARTLINE-RED",STATIONERIES,EACH,5,60,
1709000155,"INK STAMP PAD, 50CC-ARTLINE-BLUE",STATIONERIES,EACH,5,60,
1709000156,"INK STAMP PAD, 50CC-ARTLINE-BLACK",STATIONERIES,EACH,5,60,
1709000158,"METAL INK, LION-LMN-1-BK",STATIONERIES,EACH,1,10,
1709000160,"EMBOSSING TAPE, 3/8 INCH-DYMO-RED",STATIONERIES,EACH,1,10,
1709000161,"EMBOSSING TAPE, 3/8 INCH-DYMO-BLACK",STATIONERIES,EACH,1,10,
1709000162,"EMBOSSING TAPE, 3/8 INCH-DYMO-BLUE",STATIONERIES,EACH,1,10,
1709000166,"PLASTIC RULLER, 30CM-BUTTERFLY",STATIONERIES,EACH,15,180,
1709000167,"PLASTIC RULLER, 40CM-BUTTERFLY",STATIONERIES,EACH,10,120,
1709000179,"PAPER PUNCH, NO.85-CARL",STATIONERIES,EACH,2,24,
1709000181,"STAMP PAD, NO.1-ARTLINE",STATIONERIES,EACH,1,10,
1709000182,"BAZIC SPONGE HOLDER, 80 MM-003",STATIONERIES,EACH,1,10,
1709000185,"NUMBERING MACHINE, 108S-COMBO",STATIONERIES,EACH,1,10,
1709000186,"TAPE DISPENSER, TD-500-KENKO",STATIONERIES,EACH,1,10,
1709000190,"ROLL PAPER, 75X65X12MM-GOLDEN COIN",STATIONERIES,EACH,1,10,
1709000192,"PENCIL SHARPENER, CARL ANGEL-5",STATIONERIES,EACH,1,10,
1709000206,"PLASTIC COVER FOLIO, 215X330MM-ANY MAKER",STATIONERIES,EACH,1,10,
1709000210,"INK STAMP PAD, 50CC-ARTLINE -PURPLE",STATIONERIES,EACH,1,10,
1709000217,"JUMBO MARKER, 500-SNOWMAN",STATIONERIES,EACH,1,10,
1709000220,"EXPEDITION BOOK, EXPEDISI-STANDARD",STATIONERIES,EACH,30,360,
1709000229,"ERASER, PENCIL-B40-STAEDLER",STATIONERIES,EACH,50,600,
1709000240,"PIPE BINDER, 1175-BAMBI-GREY",STATIONERIES,EACH,35,420,
1709000241,"FILE LAF/ORDNER, 1450 V 01-BLUE-BANTEX",STATIONERIES,EACH,70,840,
1709000243,"PIPE BINDER, 1178-GREY-SIZE A4-BAMBI",STATIONERIES,EACH,40,480,
1709000245,"BOX FILE, JUMBO 401101-BLUE-BANTEX",STATIONERIES,EACH,15,180,
1709000264,"LETTER FILE, 1016-BLUE-SIZE A5-BAMBI",STATIONERIES,EACH,1,10,
1709000266,"MASKING TAPE, SIZE 2 INCH-BLACK-DAIMARU",STATIONERIES,EACH,20,240,
1709000267,"REFILL INK, WBI-20-SNOWMAN-BLACK",STATIONERIES,EACH,5,60,
1709000268,"REFILL INK, WBI-20-SNOWMAN-BLUE",STATIONERIES,EACH,5,60,
1709000269,PAPER-A0-91X150CM-100GSM-DIAMANT,STATIONERIES,REAM,1,10,
1709000270,"FILE BLACK, ANY MAKER-A3",STATIONERIES,EACH,10,120,
1709000271,"SELF ADHESIVE LABELS, NO.103-PANDA",STATIONERIES,EACH,1,10,
1709000272,"DATE STAMP, D4-KENKO",STATIONERIES,EACH,1,10,
1709000273,"ROLL PAPER, 58X48X12MM-GOLDEN COIN",STATIONERIES,EACH,1,10,
1709000274,"CARBON PAPER, E1004-SAILING BOAT-BLUE",STATIONERIES,EACH,1,10,
1709000275,"FILE BLACK, B4-ANY MAKER",STATIONERIES,EACH,10,120,
9719000096,"BC CARD WHITE FOLIO, ANYMAKER WHITE",STATIONERIES,REAM,2,24,
9719000097,"BC CARD PINK FOLIO, ANYMAKER PINK",STATIONERIES,REAM,2,24,
9719000098,"BC CARD YELLOW FOLIO, ANYMAKER YELLOW",STATIONERIES,REAM,2,24,
9719000099,"BC CARD BLUE FOLIO, ANYMAKER BLUE",STATIONERIES,REAM,2,24,
9719000107,"BINDING PLASTIC 15 MM, HOMBO 15 MM",STATIONERIES,EACH,1,10,
9719000108,"BINDING PLASTIC 25 MM, HOMBO 25 MM",STATIONERIES,EACH,1,10,
9719000109,"FILE SEPARATOR A-4",STATIONERIES,SET,35,420,
9719000110,"FILE SEPARATOR B-4",STATIONERIES,SET,1,10,
9719000111,"SELF ADHESIVE LABELS, NO. 100 PANDA, CARVIL, DLL",STATIONERIES,PACK,1,10,
9719000112,"SELF ADHESIVE LABELS, NO. 110 PANDA, CARVIL, DLL",STATIONERIES,PACK,1,10,
9719000113,"EMBOSSING TAPE, 3/8 INCH-DYMO-GREEN",STATIONERIES,ROLL,1,10,
9719000114,"EMBOSSING TAPE, 3/8 INCH-DYMO-ORANG",STATIONERIES,ROLL,1,10,
9719000115,"ENVELOPE WHITE LOGO",STATIONERIES,BOX,10,120,
9719000116,"ENVELOPE BIG BROWN / AMPLOP BESAR BERPINGGANG LOGO",STATIONERIES,EACH,300,3600,
9719000117,"ENVELOPE MIDLE BROWN",STATIONERIES,EACH,100,1200,
9719000118,"ENVELOPE SMALL BROWN",STATIONERIES,EACH,25,300,
9719000119,"SALARY ENVELOPE",STATIONERIES,EACH,3000,36000,
9719000120,"ENVELOPE WHITE NON LOGO",STATIONERIES,BOX,5,60,
9719000121,"CARBON PAPER CARBON PAPER BLACK, E1004-SAILING BOAT-BLACK",STATIONERIES,PACK,1,10,
9719000122,"ENVELOPE SMALL WHITE NO. 110",STATIONERIES,BOX,5,60,
9719000123,"ENVELOPE BROWN FOLIO LOGO",STATIONERIES,EACH,270,3300,
9719000124,"ENVELOPE BROWN FOLIO NON LOGO",STATIONERIES,EACH,150,1800,
1710000006,"SUGAR, GRANULATED SUGAR, GRANULATED-WHITE",DRINK_SUGAR,KG,2093,25116,
1710000007,"TEA-PREMIUM-TEH SUMATERA",DRINK_SUGAR,KG,139,1668,
1710000008,"COFFEE SIDIKALANG-POWDER-CAP KING KONG",DRINK_SUGAR,KG,163,1956,
9719000133,"AIR MINERAL GALON 19 LITER",DRINK_SUGAR,UNIT,100,1200,
1710000235,"AGANOL-ANTI BACTERIAL-1000ML",DISINFECTANT,EACH,100,1200,
1710000236,YURISOL,DISINFECTANT,EACH,30,360,
1710000237,"DAHLIA, DEODORIZER K-242",DISINFECTANT,EACH,40,480,
1710000238,"BAYCLIN-REGULER-200 ML",DISINFECTANT,EACH,24,288,
1710000239,"GLASS CLEAR-500ML-MR MUSCLE",DISINFECTANT,EACH,80,960,
1710000240,"HAND WASH-250ML-DETTOL",DISINFECTANT,EACH,24,300,
1710000242,"LIQUID DETERGENT WITH PUMP-1000ML-LIGENT",DISINFECTANT,EACH,40,480,
1710000244,"NAPTHALENE BALL-K22-150GRAM-DAHLIA",DISINFECTANT,EACH,70,840,
1710000245,"TOILET PARFUMME-450ML-BEBEK SEMERBAK",DISINFECTANT,EACH,40,480,
1710000246,"RAID AEROSOL-750ML-BAYGON",DISINFECTANT,EACH,50,600,
1710000248,DEODORIZER-900ML-MOLTO,DISINFECTANT,EACH,15,180,
1710000249,"REFILL PARFUMME, REFILL-CR12-300ML-CRISSOM",DISINFECTANT,EACH,30,360,
1710000250,"HAND SOAP-LIQUID SOAP-410ML-YURI",DISINFECTANT,EACH,70,850,
1710000251,LIQUID-DETERGENT-REFILL-630ML-LIGENT,DISINFECTANT,EACH,70,850,
1710000252,"DAHLIA BALL DUET COLOR  K - 313",DISINFECTANT,EACH,80,960,
1710000253,"AGANOL-ANTI BACTERIAL-3700ML",DISINFECTANT,EACH,1,10,
1710000254,"DETTOL-LIQUID-VOLUME 250ML",DISINFECTANT,EACH,20,240,
1710000256,"BATTERY  AA-PANASONIC-AA",DAILY_NECESSITIES,EACH,400,4800,
1710000257,"BATTERY  C-PRIMA-C",DAILY_NECESSITIES,EACH,35,420,
1710000258,"BATTERY  D-PRIMA-D",DAILY_NECESSITIES,EACH,1,10,
1710000259,"BATTERY  ALKALINE AAA-ENERGIZER MAX-AAA",DAILY_NECESSITIES,EACH,130,1560,
1710000266,"BATTERY  9 VOLT-ENERGIZER MAX- 9 V",DAILY_NECESSITIES,EACH,20,240,
1710000269,"DRINKING GLASS LONG DURALEX LYS-GOBELET/TUMBLER-28 CL",DAILY_NECESSITIES,EACH,12,144,
1710000270,"DRINKING GLASS SHORT DURALEX LYS-GOBELET/TUMBLER-21 CL",DAILY_NECESSITIES,EACH,40,480,
1710000272,"DUST PAN-NAGATA-NGT 0406",DAILY_NECESSITIES,EACH,10,120,
1710000277,"FLOOR CLOTH BLUE-KAIN PEL-REG NO. 560633",DAILY_NECESSITIES,EACH,5,60,
1710000278,"FLOOR WIPER HOLDER-HANDY MOP-NGT 321",DAILY_NECESSITIES,EACH,3,36,
1710000279,"GLASS CUP & SOUCER",DAILY_NECESSITIES,EACH,15,180,
1710000281,"HEMP PALM MAT KESET KAKI SABUT KELAPA-SIZE 60 X 80 CM",DAILY_NECESSITIES,EACH,10,120,
1710000282,"HEMP PALM BROOM SMALL SAPU IJUK- LEBAR 24,5 CMXTINGGI 110 CM",DAILY_NECESSITIES,EACH,520,6240,
1710000334,"HEMP PALM BROOM BIG SAPU IJUK- LEBAR 45 CMXTINGGI 150 CM",DAILY_NECESSITIES,EACH,120,1440,
1710000283,"KETTLE 4 LITER HARMONICA-STAINLESS STEEL-24 CM",DAILY_NECESSITIES,EACH,1,10,
1710000284,"LETTER BASKET PLASTIC SHINPO-SIP 821 L-SIZE 400X310X105",DAILY_NECESSITIES,EACH,5,60,
1710000285,"MOP COTTON KAIN PEL-ANY MAKER-JUMBO",DAILY_NECESSITIES,EACH,25,300,
1710000286,"MUG 12 CM TIN MUG 12 CM-NAGAKO 555-12 CM",DAILY_NECESSITIES,EACH,2,12,
1710000287,"NAPKIN LAP PIRING-CAP GUNTING-NO IDM 00087555",DAILY_NECESSITIES,EACH,35,420,
1710000288,"PLASTIC POT 3 KG SHINPO-SIP 045-SIZE 280 X 280 MM",DAILY_NECESSITIES,EACH,1,10,
1710000289,"TEA SPOON LONG STAR SPOON-STAINLESS STEEL-TIGA BINTANG",DAILY_NECESSITIES,EACH,12,144,
1710000291,"TEA FILTER COTTON SARINGAN TEH KAIN-DIAMETER 14 CM",DAILY_NECESSITIES,EACH,15,180,
1710000292,"TISSUE PAPER-200SHEET-PASEO",DAILY_NECESSITIES,EACH,80,960,
1710000293,"TRAY STAINLESS STEEL TRAY SUS-SIZE 40X30CM-MELAMINE-HOVER",DAILY_NECESSITIES,EACH,1,10,
1710000294,"TOILET BRUSH PLASTIC-NAGATA-NGT 330",DAILY_NECESSITIES,EACH,10,120,
1710000295,"BATHROOM TISSUE-NICE-2 PLY 1 ROLL",DAILY_NECESSITIES,EACH,150,1800,
1710000298,"WASTE BASKET-GM-NO 33",DAILY_NECESSITIES,EACH,5,60,
1710000306,"SCISSOR STAINLESS",DAILY_NECESSITIES,EACH,10,120,
1710000309,"PLASTIC BROOM-NAGATA-NGT 307",DAILY_NECESSITIES,EACH,15,180,
1710000329,"BUCKET PLASTIC-ULTRA-6 GALLONS",DAILY_NECESSITIES,EACH,1,10,
1710000431,"BATTERY -MAXELL-CR 2025",DAILY_NECESSITIES,EACH,3,36,
1710000432,"BATTERY -MAXELL-LR-44",DAILY_NECESSITIES,EACH,7,84,
1710000433,"VIM CLEANER-SUPER KIFA-650 GRAM",DAILY_NECESSITIES,EACH,10,120,
1710000434,"WATER SCOPE-GM-NO 737",DAILY_NECESSITIES,EACH,10,120,
1710000435,"HALL MOP HANDLE HALL MOP 24""-KRISBOW-1805",DAILY_NECESSITIES,EACH,1,10,
1710000436,"BATTERY -MAXELL-CR 2032",DAILY_NECESSITIES,EACH,5,60,
1710000437,"SPARE HALL MOP 24""-KRISBOW-F/KW 18-1363",DAILY_NECESSITIES,EACH,1,10,
1710000438,"MOP BLUE WITH HANDLE-KRISBOW-18-1360",DAILY_NECESSITIES,EACH,1,10,
1710000439,"SPARE MOP BLUE-KRISBOW-KW 18-1360",DAILY_NECESSITIES,EACH,1,10,
1710000440,"BUCKET PLASTIC-ULTRA-4 GALLONS",DAILY_NECESSITIES,EACH,10,120,
1710000441,"FLASH LIGHT-PANASONIC-BF 107 N/M",DAILY_NECESSITIES,EACH,1,1,
1710000443,"GLADE SPRAY-FRESH LEMON-250 ML",DAILY_NECESSITIES,EACH,40,480,
1710000444,"LIQUID SOAP REFILL-YURI-375 ML",DAILY_NECESSITIES,EACH,100,1200,
1710000445,"BATTERY  CR 2016-HITACHI MAXELL",DAILY_NECESSITIES,EACH,1,10,
9719000131,"BUCKET PLASTIC 15 L / NIKURA",DAILY_NECESSITIES,UNIT,1,10,
1718000037,"ICE MAKER-HOSHIZAKI-IM-45NE",OFFICE_TOOL,UNIT,1,10,Inventaris
1718000192,"CAR WASH, SHAMPOO-KIT",OFFICE_TOOL,EACH,1,10,Inventaris
1718000193,"DUSTER, KANEBO -PLAS CHAMOIS",OFFICE_TOOL,EACH,1,10,Inventaris
1719000001,"CHAIR, OFFICE-DIRECTOR",OFFICE_TOOL,EACH,1,10,Inventaris
1719000002,"CHAIR, OFFICE-SVP",OFFICE_TOOL,EACH,1,10,Inventaris
1719000003,"CHAIR, OFFICE-VP",OFFICE_TOOL,EACH,1,10,Inventaris
1719000004,"CHAIR, OFFICE-M",OFFICE_TOOL,EACH,1,10,Inventaris
1719000005,"CHAIR-KANTOR-STAFF & T/C/P-BLACK",OFFICE_TOOL,EACH,1,10,Inventaris
1719000006,"CHAIR, OFFICE-STAFF & T/C/P-BLUE",OFFICE_TOOL,EACH,1,10,Inventaris
1719000007,"CHAIR, STACKING-STAINLESS-RED",OFFICE_TOOL,EACH,1,10,Inventaris
1719000008,"CHAIR, STACKING-STAINLESS-BLUE",OFFICE_TOOL,EACH,1,10,Inventaris
1719000040,"CABINET, LION-L.42",OFFICE_TOOL,UNIT,1,10,Inventaris
1719000041,"CABINET, LION-L.44",OFFICE_TOOL,UNIT,1,10,Inventaris
1719000042,"CALCULATOR CALCULATOR, CASIO-DJ-120D",OFFICE_TOOL,UNIT,2,24,Inventaris
1719000044,"CHAIR, FUTURA-FTR-405",OFFICE_TOOL,UNIT,1,10,Inventaris
1719000048,"CLOCK, SEIKO-QXA-352-S",OFFICE_TOOL,UNIT,1,12,Inventaris
1719000049,"CUPBOARDS, LION-L.33",OFFICE_TOOL,UNIT,1,10,Inventaris
1719000050,"DESK, LION-106-GREY",OFFICE_TOOL,UNIT,1,10,Inventaris
1719000051,"DISPENSER TOP LOADING",OFFICE_TOOL,UNIT,1,12,Inventaris
1719000052,"FLIPCHART, KEIKO-700 MM-1000 MM",OFFICE_TOOL,UNIT,1,10,Inventaris
1719000053,"LOCKER, LION-L.552-GREY",OFFICE_TOOL,UNIT,1,10,Inventaris
1719000057,"WHITEBOARD, SAKURA-120X240",OFFICE_TOOL,UNIT,1,10,Inventaris
1719000058,"WHITEBOARD, SAKURA-90X120",OFFICE_TOOL,UNIT,1,10,Inventaris
1719000059,"WHITEBOARD, SAKURA-STAND-120X240",OFFICE_TOOL,UNIT,1,10,Inventaris
1719000060,"WHITEBOARD, SAKURA-STAND-90X180",OFFICE_TOOL,UNIT,1,10,Inventaris
1719000061,"CHAIR, ROTARY-HYDRAULIC-ET-D501-CHITOSE",OFFICE_TOOL,UNIT,1,10,Inventaris
9719000125,"WHITEBOARD NON STAND 120 X 100",OFFICE_TOOL,UNIT,1,10,Inventaris
9719000126,"WHITEBOARD + STAND 120 X 100",OFFICE_TOOL,UNIT,1,10,Inventaris
9719000127,"WATER BOILER / BURCO",OFFICE_TOOL,UNIT,1,12,Inventaris
9719000132,"MESIN CUCI-LG-14KG",OFFICE_TOOL,UNIT,1,6,Inventaris
1710000322,"FLASH LIGHT-PANASONIC-BF-786 N/M-R",OFFICE_TOOL,EACH,1,1,Inventaris
9719000100,"SHORT ENTRY PERMIT (SEP) SHORT ENTRY PERMIT (SEP)",PRINT_EXPENSE,BLOCK,1,10,
9719000101,GRC,PRINT_EXPENSE,BLOCK,1,10,
9719000103,"GASOLINE COUPON",PRINT_EXPENSE,BOX,1,10,
9719000104,"EXTERNAL CORRESPONDENCE",PRINT_EXPENSE,REAM,8,100,
9719000105,"INTERNAL CORRESPONDENCE",PRINT_EXPENSE,REAM,5,60,
9719000106,RFA,PRINT_EXPENSE,REAM,3,36,
